{
  "name" : "Scènes d'accouchement",
  "slug" : "admin-2",
  "description" : "This project has been pre-configured for sentence labeling tasks.\r\n\r\nBest import documents in a format which gives you control over the sentence boundaries, such as e.g. \r\n**Plain text (one sentence per line)**, **Plain text (space-separated tokens, one sentence per line)**,\r\nany of the CoNLL formats.\r\n\r\nYou can create an annotation on an entire sentence simply by double clicking anywhere in the sentence.\r\n\r\nTo adjust the available sentence labels, go to the **Tagset** panel in the project settings. Mind\r\nthat changing a tag's name does not update already created annotations, so best configure your\r\ntagset before starting to annotate.\r\n\r\nIt also includes a recommender which learns from your annotations and suggests labels for yet \r\nuntagged sentences.",
  "mode" : "ANNOTATION",
  "version" : 1,
  "source_documents" : [ {
    "name" : "24080615.txt",
    "format" : "text",
    "state" : "ANNOTATION_IN_PROGRESS",
    "state_updated" : 1771333088729,
    "timestamp" : null,
    "created" : 1771323582961,
    "updated" : 1771333088731
  } ],
  "annotation_documents" : [ {
    "name" : "24080615.txt",
    "user" : "admin",
    "state" : "IN_PROGRESS",
    "timestamp" : 1771342849086,
    "state_updated" : 1771333198274,
    "annotatorState" : "IN_PROGRESS",
    "annotatorComment" : null,
    "sentence_accessed" : 0,
    "created" : 1771333088455,
    "updated" : 1771342849087
  } ],
  "project_permissions" : [ {
    "level" : "ADMIN",
    "user" : "admin"
  }, {
    "level" : "CURATOR",
    "user" : "admin"
  }, {
    "level" : "USER",
    "user" : "admin"
  } ],
  "tag_sets" : [ {
    "name" : "accouchement_phases",
    "description" : "différentes phases de l'accouchement :",
    "language" : "fra",
    "tags" : [ {
      "tag_name" : "travail",
      "tag_description" : "Le travail désigne l'ensemble des phénomènes qui permettent l'expulsion du bébé. C'est la phase active qui commence lorsque les contractions deviennent régulières, intenses et rapprochées.\r\nLe début du travail, lors d’un accouchement par voie basse, est le plus souvent spontané. Il est marqué par la survenue de contractions qui, au fil des heures, deviendront de plus en plus intenses et régulières, associées parfois à la rupture de la poche des eaux."
    }, {
      "tag_name" : "dilatation (contraction)",
      "tag_description" : "Pour la naissance d’un premier bébé (on dit que la maman est primipare), cette phase de dilatation du col de l'utérus dure environ huit heures. Elle ne dure plus que quatre heures en moyenne, chez une femme multipare ayant déjà eu au moins un enfant.\r\n\r\nLes contractions, d’abord brèves et espacées (toutes les dix minutes) se rapprochent (cinq minutes, puis moins), deviennent régulières, plus intenses et douloureuses. Sous l’effet des contractions, le col de l'utérus s’ouvre très progressivement.\r\n’est durant cette phase que vous vous rendez à la maternité. À l'arrivée, vous êtes prise en charge et examinée par la sage-femme ou l’obstétricien. Si le travail est suffisamment avancé, vous êtes installée en salle de travail."
    }, {
      "tag_name" : "expulsion (naissance)",
      "tag_description" : "La phase d’expulsion (naissance) du bébé est relativement courte et ne dure qu’une trentaine de minutes environ.\r\n\r\nLorsque le col de l'utérus est ouvert complètement (la dilatation du col atteint alors 10 cm) et que la tête du bébé (la partie la plus large) est bien engagée dans le bassin, la sage-femme ou l’obstétricien vous demande de pousser. Ces poussées, lors des contractions, permettent l’expulsion du bébé.\r\nUne fois la tête sortie, le corps du bébé glisse sans difficulté.\r\nVotre bébé est né ! La sage-femme coupe le cordon ombilical, vérifie la bonne vitalité de votre bébé et pose votre enfant contre vous."
    }, {
      "tag_name" : "délivrance",
      "tag_description" : "L’accouchement ne s’achève réellement que vingt à trente minutes plus tard. Sous l’effet de nouvelles contractions utérines, la maman expulse le . C'est ce qu’on appelle la délivrance."
    } ],
    "create_tag" : true
  }, {
    "name" : "which_complication",
    "description" : "Différentes complications liées aux phases d’accouchements",
    "language" : "fra",
    "tags" : [ ],
    "create_tag" : false
  }, {
    "name" : "which_intervention_medicale",
    "description" : "Différentes interventions médicales",
    "language" : "fra",
    "tags" : [ ],
    "create_tag" : false
  }, {
    "name" : "wich_character_here",
    "description" : "Différents personnages en présence lors de l'accouchement :\r\n- Accouchée\r\n- Accouchant H\r\n- Accouchant F\r\n- Témoin",
    "language" : "fra",
    "tags" : [ {
      "tag_name" : "Accouchant F",
      "tag_description" : null
    }, {
      "tag_name" : "Accouchant H",
      "tag_description" : null
    }, {
      "tag_name" : "Accouchée",
      "tag_description" : null
    }, {
      "tag_name" : "Géniteur",
      "tag_description" : null
    }, {
      "tag_name" : "Témoin",
      "tag_description" : null
    } ],
    "create_tag" : false
  } ],
  "layers" : [ {
    "name" : "de.tudarmstadt.ukp.dkpro.core.api.segmentation.type.Token",
    "features" : [ ],
    "uiName" : "Token",
    "type" : "span",
    "description" : null,
    "enabled" : false,
    "built_in" : true,
    "readonly" : true,
    "attach_type" : null,
    "attach_feature" : null,
    "allow_stacking" : false,
    "cross_sentence" : false,
    "show_hover" : true,
    "anchoring_mode" : "CHARACTERS",
    "overlap_mode" : "NO_OVERLAP",
    "validation_mode" : "NEVER",
    "lock_to_token_offset" : false,
    "multiple_tokens" : false,
    "linked_list_behavior" : false,
    "on_click_javascript_action" : null,
    "traits" : null
  }, {
    "name" : "webanno.custom.Complication",
    "features" : [ {
      "name" : "which_complication",
      "tag_set" : {
        "name" : "which_complication",
        "description" : null,
        "language" : null,
        "tags" : [ ],
        "create_tag" : false
      },
      "uiName" : "which_complication",
      "type" : "uima.cas.String",
      "enabled" : true,
      "visible" : true,
      "include_in_hover" : false,
      "required" : false,
      "remember" : false,
      "hideUnconstraintFeature" : false,
      "description" : null,
      "multi_value_mode" : "NONE",
      "link_mode" : "NONE",
      "link_type_name" : null,
      "link_type_role_feature_name" : null,
      "link_type_target_feature_name" : null,
      "traits" : "{\"editorType\":\"COMBOBOX\",\"collapsedRows\":1,\"expandedRows\":1,\"retainSuggestionInfo\":false,\"rolesSeeingSuggestionInfo\":[\"CURATOR\"]}",
      "curatable" : true,
      "rank" : 0
    } ],
    "uiName" : "complication",
    "type" : "span",
    "description" : "Phases de complication liée aux scènes d'accouchements",
    "enabled" : true,
    "built_in" : false,
    "readonly" : false,
    "attach_type" : null,
    "attach_feature" : null,
    "allow_stacking" : true,
    "cross_sentence" : false,
    "show_hover" : true,
    "anchoring_mode" : "TOKENS",
    "overlap_mode" : "ANY_OVERLAP",
    "validation_mode" : "ALWAYS",
    "lock_to_token_offset" : false,
    "multiple_tokens" : true,
    "linked_list_behavior" : false,
    "on_click_javascript_action" : null,
    "traits" : "{\"coloringRules\":{\"rules\":[]}}"
  }, {
    "name" : "webanno.custom.Grossesse",
    "features" : [ ],
    "uiName" : "grossesse",
    "type" : "span",
    "description" : "Annotation de la grossesse : granularité niveau phrase",
    "enabled" : true,
    "built_in" : false,
    "readonly" : false,
    "attach_type" : null,
    "attach_feature" : null,
    "allow_stacking" : false,
    "cross_sentence" : false,
    "show_hover" : true,
    "anchoring_mode" : "TOKENS",
    "overlap_mode" : "NO_OVERLAP",
    "validation_mode" : "ALWAYS",
    "lock_to_token_offset" : false,
    "multiple_tokens" : true,
    "linked_list_behavior" : false,
    "on_click_javascript_action" : null,
    "traits" : "{\"coloringRules\":{\"rules\":[]}}"
  }, {
    "name" : "webanno.custom.Intervention_mdicale",
    "features" : [ {
      "name" : "which_intervention",
      "tag_set" : {
        "name" : "which_intervention_medicale",
        "description" : null,
        "language" : null,
        "tags" : [ ],
        "create_tag" : false
      },
      "uiName" : "which_intervention",
      "type" : "uima.cas.String",
      "enabled" : true,
      "visible" : true,
      "include_in_hover" : false,
      "required" : false,
      "remember" : false,
      "hideUnconstraintFeature" : false,
      "description" : null,
      "multi_value_mode" : "NONE",
      "link_mode" : "NONE",
      "link_type_name" : null,
      "link_type_role_feature_name" : null,
      "link_type_target_feature_name" : null,
      "traits" : "{\"editorType\":\"AUTO\",\"collapsedRows\":1,\"expandedRows\":1,\"retainSuggestionInfo\":false,\"rolesSeeingSuggestionInfo\":[\"CURATOR\"]}",
      "curatable" : true,
      "rank" : 0
    } ],
    "uiName" : "intervention_medicale",
    "type" : "span",
    "description" : "Annotation des différentes interventions médicales réalisées durant les phases d'accouchement",
    "enabled" : true,
    "built_in" : false,
    "readonly" : false,
    "attach_type" : null,
    "attach_feature" : null,
    "allow_stacking" : true,
    "cross_sentence" : false,
    "show_hover" : true,
    "anchoring_mode" : "TOKENS",
    "overlap_mode" : "ANY_OVERLAP",
    "validation_mode" : "ALWAYS",
    "lock_to_token_offset" : false,
    "multiple_tokens" : true,
    "linked_list_behavior" : false,
    "on_click_javascript_action" : null,
    "traits" : "{\"coloringRules\":{\"rules\":[]}}"
  }, {
    "name" : "webanno.custom.Personnages",
    "features" : [ {
      "name" : "Which_character",
      "tag_set" : null,
      "uiName" : "Which_character",
      "type" : "uima.cas.String",
      "enabled" : true,
      "visible" : true,
      "include_in_hover" : false,
      "required" : false,
      "remember" : false,
      "hideUnconstraintFeature" : false,
      "description" : "Quel personnage en présence ?",
      "multi_value_mode" : "NONE",
      "link_mode" : "NONE",
      "link_type_name" : null,
      "link_type_role_feature_name" : null,
      "link_type_target_feature_name" : null,
      "traits" : "{\"editorType\":\"AUTO\",\"collapsedRows\":1,\"expandedRows\":1,\"retainSuggestionInfo\":false,\"rolesSeeingSuggestionInfo\":[\"CURATOR\"]}",
      "curatable" : true,
      "rank" : 0
    } ],
    "uiName" : "personnages",
    "type" : "span",
    "description" : "Personnages actrices/acteurs dans les scènes d'accouchements",
    "enabled" : true,
    "built_in" : false,
    "readonly" : false,
    "attach_type" : null,
    "attach_feature" : null,
    "allow_stacking" : true,
    "cross_sentence" : true,
    "show_hover" : true,
    "anchoring_mode" : "TOKENS",
    "overlap_mode" : "ANY_OVERLAP",
    "validation_mode" : "ALWAYS",
    "lock_to_token_offset" : false,
    "multiple_tokens" : true,
    "linked_list_behavior" : false,
    "on_click_javascript_action" : null,
    "traits" : "{\"coloringRules\":{\"rules\":[]}}"
  }, {
    "name" : "webanno.custom.PhaseAccouchement",
    "features" : [ {
      "name" : "Phases_accouchement",
      "tag_set" : {
        "name" : "accouchement_phases",
        "description" : null,
        "language" : null,
        "tags" : [ ],
        "create_tag" : false
      },
      "uiName" : "Phases_accouchement",
      "type" : "uima.cas.String",
      "enabled" : true,
      "visible" : true,
      "include_in_hover" : true,
      "required" : true,
      "remember" : false,
      "hideUnconstraintFeature" : false,
      "description" : "Annotation/identification des différentes phases de l'accouchement",
      "multi_value_mode" : "NONE",
      "link_mode" : "NONE",
      "link_type_name" : null,
      "link_type_role_feature_name" : null,
      "link_type_target_feature_name" : null,
      "traits" : "{\"editorType\":\"COMBOBOX\",\"collapsedRows\":1,\"expandedRows\":1,\"retainSuggestionInfo\":false,\"rolesSeeingSuggestionInfo\":[\"CURATOR\"]}",
      "curatable" : true,
      "rank" : 0
    } ],
    "uiName" : "phase_accouchement",
    "type" : "span",
    "description" : "annotation de l'accouchement, dans les scènes d'accouchement",
    "enabled" : true,
    "built_in" : false,
    "readonly" : false,
    "attach_type" : null,
    "attach_feature" : null,
    "allow_stacking" : true,
    "cross_sentence" : false,
    "show_hover" : true,
    "anchoring_mode" : "TOKENS",
    "overlap_mode" : "ANY_OVERLAP",
    "validation_mode" : "ALWAYS",
    "lock_to_token_offset" : false,
    "multiple_tokens" : true,
    "linked_list_behavior" : false,
    "on_click_javascript_action" : null,
    "traits" : "{\"coloringRules\":{\"rules\":[]}}"
  }, {
    "name" : "webanno.custom.Scenes_accouchements",
    "features" : [ ],
    "uiName" : "scene_accouchement",
    "type" : "span",
    "description" : "Annotation des scènes d'accouchements : granularité niveau phrase",
    "enabled" : true,
    "built_in" : false,
    "readonly" : false,
    "attach_type" : null,
    "attach_feature" : null,
    "allow_stacking" : true,
    "cross_sentence" : true,
    "show_hover" : true,
    "anchoring_mode" : "SENTENCES",
    "overlap_mode" : "ANY_OVERLAP",
    "validation_mode" : "ALWAYS",
    "lock_to_token_offset" : false,
    "multiple_tokens" : false,
    "linked_list_behavior" : false,
    "on_click_javascript_action" : null,
    "traits" : "{\"coloringRules\":{\"rules\":[]}}"
  } ],
  "disableExport" : true,
  "script_direction" : "LTR",
  "created" : 1771323549198,
  "updated" : 1771333094747,
  "state" : "ANNOTATION_IN_PROGRESS",
  "state_updated" : 1771333094745,
  "anonymous_curation" : false,
  "application_name" : "INCEpTION",
  "application_version" : "39.4",
  "default-preferences" : [ ],
  "knowledge_bases" : [ ],
  "external_search" : [ ],
  "curation_workflow" : {
    "mergeStrategy" : "completeAgreementNonStacked",
    "mergeStrategyTraits" : null
  },
  "project_users" : [ ],
  "recommenders" : [ ],
  "learning_records" : [ ],
  "gazeteers" : [ ],
  "workload_manager" : {
    "traits" : null,
    "type" : "dynamic"
  },
  "user-preferences" : [ {
    "name" : "annotation/layers",
    "traits" : "{\"layerColoringStrategy\":{\"16\":\"GRAY\",\"21\":\"STATIC_PASTELLE\"},\"readonlyLayerColoringStrategy\":\"LEGACY\",\"hiddenLayers\":[],\"hiddenFeatures\":[],\"hiddenFeatureValues\":{}}",
    "user" : "admin"
  }, {
    "name" : "annotation/layout",
    "traits" : "{\"sidebarSizeLeft\":20,\"sidebarSizeRight\":20,\"actionBarCollapsed\":false}",
    "user" : "admin"
  }, {
    "name" : "annotation/layer-anchoring-mode",
    "traits" : "{\"anchoringModes\":{\"21\":\"SENTENCES\",\"24\":\"SENTENCES\"}}",
    "user" : "admin"
  }, {
    "name" : "annotation/left-sidebar",
    "traits" : "{\"selectedTab\":\"annotationBrowserSidebarFactory\",\"expanded\":true}",
    "user" : "admin"
  }, {
    "name" : "client-side/annotation/annotation-browser-sidebar",
    "traits" : "{\"mode\":\"by-position\",\"sortByScore\":true,\"recommendationsFirst\":false}",
    "user" : "admin"
  } ]
}